co.member.name,number
강길부(무소속/姜吉夫)?,9000000
강길부(자유한국당/姜吉夫),9000000
강길부(자유한국당/姜吉夫)?,9000000
강길부(바른정당/姜吉夫),9000000
강길부(바른정당/姜吉夫)?,9000000
강길부(개혁보수신당/姜吉夫),9000000
강길부(새누리당/姜吉夫),9000000
강길부(새누리당/姜吉夫)?,9000000
강길부(무소속/姜吉夫),9000000
강석진(자유한국당/姜錫振),9000001
강석진(자유한국당/姜錫振)?,9000001
강석진(새누리당/姜錫振),9000001
강석진(새누리당/姜錫振)?,9000001
강석호(자유한국당/姜碩鎬),9000002
강석호(자유한국당/姜碩鎬)?,9000002
강석호(새누리당/姜碩鎬),9000002
강석호(새누리당/姜碩鎬)?,9000002
강창일(더불어민주당/姜昌一)?,9000003
강창일(더불어민주당/姜昌一),9000003
강효상(자유한국당/姜孝祥),9000004
강효상(자유한국당/姜孝祥)?,9000004
강효상(새누리당/姜孝祥),9000004
강효상(새누리당/姜孝祥)?,9000004
경대수(자유한국당/慶大秀),9000005
경대수(자유한국당/慶大秀)?,9000005
경대수(새누리당/慶大秀),9000005
경대수(새누리당/慶大秀)?,9000005
곽대훈(자유한국당/郭大勳),9000006
곽대훈(자유한국당/郭大勳)?,9000006
곽대훈(새누리당/郭大勳),9000006
곽대훈(새누리당/郭大勳)?,9000006
권미혁(더불어민주당/權美赫)?,9000007
권미혁(더불어민주당/權美赫),9000007
권석창(자유한국당/權錫昌),9000008
권석창(자유한국당/權錫昌)?,9000008
권석창(새누리당/權錫昌),9000008
권석창(새누리당/權錫昌)?,9000008
금태섭(더불어민주당/琴泰燮)?,9000009
금태섭(더불어민주당/琴泰燮),9000009
김경수(더불어민주당/金慶洙)?,9000010
김경수(더불어민주당/金慶洙),9000010
김경진(민주평화당/金京鎭),9000011
김경진(민주평화당/金京鎭)?,9000011
김경진(국민의당/金京鎭),9000011
김경진(국민의당/金京鎭)?,9000011
김경진(무소속/金京鎭),9000011
김관영(바른미래당/金寬永),9000012
김관영(바른미래당/金寬永)?,9000012
김관영(국민의당/金寬永),9000012
김관영(국민의당/金寬永)?,9000012
김관영(무소속/金寬永),9000012
김광림(자유한국당/金光琳),9000013
김광림(자유한국당/金光琳)?,9000013
김광림(새누리당/金光琳),9000013
김광림(새누리당/金光琳)?,9000013
김광수(민주평화당/金光守),9000014
김광수(민주평화당/金光守)?,9000014
김광수(국민의당/金光守),9000014
김광수(국민의당/金光守)?,9000014
김광수(무소속/金光守),9000014
김규환(자유한국당/金奎煥),9000015
김규환(자유한국당/金奎煥)?,9000015
김규환(새누리당/金奎煥),9000015
김규환(새누리당/金奎煥)?,9000015
김기선(자유한국당/金起善),9000016
김기선(자유한국당/金起善)?,9000016
김기선(새누리당/金起善),9000016
김기선(새누리당/金起善)?,9000016
김동철(바른미래당/金東喆),9000017
김동철(바른미래당/金東喆)?,9000017
김동철(국민의당/金東喆),9000017
김동철(국민의당/金東喆)?,9000017
김명연(자유한국당/金明淵),9000018
김명연(자유한국당/金明淵)?,9000018
김명연(새누리당/金明淵),9000018
김명연(새누리당/金明淵)?,9000018
김무성(자유한국당/金武星),9000019
김무성(자유한국당/金武星)?,9000019
김무성(바른정당/金武星),9000019
김무성(바른정당/金武星)?,9000019
김무성(새누리당/金武星)?,9000019
김무성(새누리당/金武星),9000019
김병관(더불어민주당/金炳官)?,9000020
김병관(더불어민주당/金炳官),9000020
김부겸(더불어민주당/金富謙)?,9000021
김부겸(더불어민주당/金富謙),9000021
김삼화(바른미래당/金三和),9000022
김삼화(바른미래당/金三和)?,9000022
김삼화(국민의당/金三和),9000022
김삼화(국민의당/金三和)?,9000022
김선동(자유한국당/金善東),9000023
김선동(자유한국당/金善東)?,9000023
김선동(새누리당/金善東),9000023
김선동(새누리당/金善東)?,9000023
김성수(더불어민주당/金聖洙)?,9000024
김성수(더불어민주당/金聖洙),9000024
김성식(바른미래당/金成植),9000025
김성식(바른미래당/金成植)?,9000025
김성식(국민의당/金成植),9000025
김성식(국민의당/金成植)?,9000025
김성식(무소속/金成植),9000025
김성찬(자유한국당/金盛贊),9000026
김성찬(자유한국당/金盛贊)?,9000026
김성찬(미래한국당/金盛贊),9000026
김성찬(새누리당/金盛贊),9000026
김성찬(새누리당/金盛贊)?,9000026
김성태(자유한국당/金聖泰),9000027
김성태(자유한국당/金聖泰)?,9000027
김성태(바른정당/金聖泰),9000027
김성태(바른정당/金聖泰)?,9000027
김성태(개혁보수신당/金聖泰),9000027
김성태(새누리당/金聖泰),9000027
김성태(새누리당/金聖泰)?,9000027
김세연(자유한국당/金世淵),9000028
김세연(자유한국당/金世淵)?,9000028
김세연(바른정당/金世淵),9000028
김세연(바른정당/金世淵)?,9000028
김세연(개혁보수신당/金世淵),9000028
김세연(새누리당/金世淵),9000028
김세연(새누리당/金世淵)?,9000028
김세연(미래통합당/金世淵),9000028
김수민(바른미래당/金秀玟),9000029
김수민(바른미래당/金秀玟)?,9000029
김수민(국민의당/金秀玟),9000029
김수민(국민의당/金秀玟)?,9000029
김순례(자유한국당/金順禮),9000030
김순례(자유한국당/金順禮)?,9000030
김순례(새누리당/金順禮),9000030
김순례(새누리당/金順禮)?,9000030
김승희(자유한국당/金承禧),9000031
김승희(자유한국당/金承禧)?,9000031
김승희(새누리당/金承禧),9000031
김승희(새누리당/金承禧)?,9000031
김영우(자유한국당/金榮宇),9000032
김영우(자유한국당/金榮宇)?,9000032
김영우(바른정당/金榮宇),9000032
김영우(바른정당/金榮宇)?,9000032
김영우(새누리당/金榮宇),9000032
김영우(새누리당/金榮宇)?,9000032
김영춘(더불어민주당/金榮春)?,9000033
김영춘(더불어민주당/金榮春),9000033
김용태(자유한국당/金容兌),9000034
김용태(자유한국당/金容兌)?,9000034
김용태(바른정당/金容兌),9000034
김용태(바른정당/金容兌)?,9000034
김용태(새누리당/金容兌),9000034
김용태(새누리당/金容兌)?,9000034
김재경(자유한국당/金在庚),9000035
김재경(자유한국당/金在庚)?,9000035
김재경(바른정당/金在庚),9000035
김재경(바른정당/金在庚)?,9000035
김재경(개혁보수신당/金在庚),9000035
김재경(새누리당/金在庚),9000035
김재경(새누리당/金在庚)?,9000035
김재원(자유한국당/金在原),9000036
김재원(자유한국당/金在原)?,9000036
김재원(미래통합당/金在原),9000036
김정우(더불어민주당/金政祐)?,9000037
김정우(더불어민주당/金政祐),9000037
김정훈(자유한국당/金正薰),9000038
김정훈(자유한국당/金正薰)?,9000038
김정훈(새누리당/金正薰)?,9000038
김정훈(새누리당/金正薰),9000038
김종대(정의당/金鍾大)?,9000039
김종대(정의당/金鍾大),9000039
김종석(자유한국당/金鍾奭),9000040
김종석(자유한국당/金鍾奭)?,9000040
김종석(새누리당/金鍾奭),9000040
김종석(새누리당/金鍾奭)?,9000040
김종인(더불어민주당/金鍾仁)?,9000041
김종인(더불어민주당/金鍾仁),9000041
김종태(새누리당/金鍾泰),9000042
김종태(새누리당/金鍾泰)?,9000042
김종회(민주평화당/金鍾懷),9000043
김종회(민주평화당/金鍾懷)?,9000043
김종회(대안신당/金鍾懷),9000043
김종회(국민의당/金鍾懷),9000043
김종회(국민의당/金鍾懷)?,9000043
김종회(무소속/金鍾懷),9000043
김종훈(새민중정당/金鍾勳),9000044
김종훈(무소속/金鍾勳),9000044
김종훈(무소속/金鍾勳)?,9000044
김종훈(민중당/金鍾勳),9000044
김중로(바른미래당/金中魯),9000045
김중로(바른미래당/金中魯)?,9000045
김중로(국민의당/金中魯),9000045
김중로(국민의당/金中魯)?,9000045
김진태(자유한국당/金鎭台),9000046
김진태(자유한국당/金鎭台)?,9000046
김진태(새누리당/金鎭台),9000046
김진태(새누리당/金鎭台)?,9000046
김학용(자유한국당/金學容),9000047
김학용(자유한국당/金學容)?,9000047
김학용(바른정당/金學容),9000047
김학용(바른정당/金學容)?,9000047
김학용(개혁보수신당/金學容),9000047
김학용(새누리당/金學容)?,9000047
김학용(새누리당/金學容),9000047
김한표(자유한국당/金漢杓),9000048
김한표(자유한국당/金漢杓)?,9000048
김한표(새누리당/金漢杓),9000048
김한표(새누리당/金漢杓)?,9000048
김해영(더불어민주당/金海永)?,9000049
김해영(더불어민주당/金海永),9000049
김현권(더불어민주당/金玄權)?,9000050
김현권(더불어민주당/金玄權),9000050
김현미(더불어민주당/金賢美)?,9000051
김현미(더불어민주당/金賢美),9000051
김현아(자유한국당/金炫我),9000052
김현아(자유한국당/金炫我)?,9000052
김현아(새누리당/金炫我),9000052
김현아(새누리당/金炫我)?,9000052
김현아(미래통합당/金炫我),9000052
나경원(자유한국당/羅卿瑗),9000053
나경원(자유한국당/羅卿瑗)?,9000053
나경원(새누리당/羅卿瑗)?,9000053
나경원(새누리당/羅卿瑗),9000053
노회찬(정의당/魯會燦)?,9000054
노회찬(정의당/魯會燦),9000054
문미옥(더불어민주당/文美玉)?,9000055
문미옥(더불어민주당/文美玉),9000055
문진국(자유한국당/文鎭國),9000056
문진국(자유한국당/文鎭國)?,9000056
문진국(새누리당/文鎭國),9000056
문진국(새누리당/文鎭國)?,9000056
문희상(무소속/文喜相)?,9000057
문희상(더불어민주당/文喜相),9000057
문희상(더불어민주당/文喜相)?,9000057
문희상(무소속/文喜相),9000057
민경욱(자유한국당/閔庚旭),9000058
민경욱(자유한국당/閔庚旭)?,9000058
민경욱(새누리당/閔庚旭),9000058
민경욱(새누리당/閔庚旭)?,9000058
민병두(더불어민주당/閔丙두),9000059
민병두(더불어민주당/閔丙두)?,9000059
박경미(더불어민주당/朴炅美)?,9000060
박경미(더불어민주당/朴炅美),9000060
박남춘(더불어민주당/朴南春)?,9000061
박남춘(더불어민주당/朴南春),9000061
박맹우(자유한국당/朴孟雨),9000062
박맹우(자유한국당/朴孟雨)?,9000062
박맹우(새누리당/朴孟雨),9000062
박맹우(새누리당/朴孟雨)?,9000062
박명재(자유한국당/朴明在),9000063
박명재(자유한국당/朴明在)?,9000063
박명재(새누리당/朴明在),9000063
박명재(새누리당/朴明在)?,9000063
박선숙(바른미래당/朴仙淑),9000064
박선숙(바른미래당/朴仙淑)?,9000064
박선숙(국민의당/朴仙淑),9000064
박선숙(국민의당/朴仙淑)?,9000064
박순자(자유한국당/朴順子),9000065
박순자(자유한국당/朴順子)?,9000065
박순자(바른정당/朴順子),9000065
박순자(바른정당/朴順子)?,9000065
박순자(새누리당/朴順子),9000065
박순자(새누리당/朴順子)?,9000065
박영선(더불어민주당/朴映宣)?,9000066
박영선(더불어민주당/朴映宣),9000066
박인숙(자유한국당/朴仁淑),9000067
박인숙(자유한국당/朴仁淑)?,9000067
박인숙(바른정당/朴仁淑),9000067
박인숙(바른정당/朴仁淑)?,9000067
박인숙(개혁보수신당/朴仁淑),9000067
박인숙(새누리당/朴仁淑),9000067
박인숙(새누리당/朴仁淑)?,9000067
박인숙(미래통합당/朴仁淑),9000067
박주선(바른미래당/朴柱宣),9000068
박주선(바른미래당/朴柱宣)?,9000068
박주선(국민의당/朴柱宣),9000068
박주선(국민의당/朴柱宣)?,9000068
박주현(바른미래당/朴珠賢),9000069
박주현(바른미래당/朴珠賢)?,9000069
박주현(국민의당/朴珠賢),9000069
박주현(국민의당/朴珠賢)?,9000069
박준영(민주평화당/朴晙瑩),9000070
박준영(무소속/朴晙瑩),9000070
박준영(국민의당/朴晙瑩),9000070
박준영(국민의당/朴晙瑩)?,9000070
박지원(민주평화당/朴智元),9000071
박지원(민주평화당/朴智元)?,9000071
박지원(국민의당/朴智元),9000071
박지원(국민의당/朴智元)?,9000071
박지원(대안신당/朴智元),9000071
박지원(무소속/朴智元),9000071
박찬우(자유한국당/朴贊佑),9000072
박찬우(자유한국당/朴贊佑)?,9000072
박찬우(새누리당/朴贊佑),9000072
박찬우(새누리당/朴贊佑)?,9000072
배덕광(자유한국당/裵德光),9000073
배덕광(새누리당/裵德光),9000073
배덕광(새누리당/裵德光)?,9000073
백승주(자유한국당/白承周),9000074
백승주(자유한국당/白承周)?,9000074
백승주(새누리당/白承周),9000074
백승주(새누리당/白承周)?,9000074
백재현(더불어민주당/白在鉉)?,9000075
백재현(더불어민주당/白在鉉),9000075
서청원(무소속/徐淸源),9000076
서청원(자유한국당/徐淸源),9000076
서청원(자유한국당/徐淸源)?,9000076
서청원(새누리당/徐淸源),9000076
서청원(새누리당/徐淸源)?,9000076
서형수(더불어민주당/徐炯洙)?,9000077
서형수(더불어민주당/徐炯洙),9000077
손금주(무소속/孫今柱),9000078
손금주(무소속/孫今柱)?,9000078
손금주(국민의당/孫今柱),9000078
손금주(국민의당/孫今柱)?,9000078
손금주(더불어민주당/孫今柱),9000078
손혜원(무소속/孫惠園),9000079
손혜원(더불어민주당/孫惠園),9000079
손혜원(더불어민주당/孫惠園)?,9000079
송기석(국민의당/宋基錫),9000080
송기석(국민의당/宋基錫)?,9000080
송희경(자유한국당/宋喜卿),9000081
송희경(자유한국당/宋喜卿)?,9000081
송희경(새누리당/宋喜卿),9000081
송희경(새누리당/宋喜卿)?,9000081
신경민(더불어민주당/辛京珉)?,9000082
신경민(더불어민주당/辛京珉),9000082
신보라(자유한국당/申普羅),9000083
신보라(자유한국당/申普羅)?,9000083
신보라(새누리당/申普羅),9000083
신보라(새누리당/申普羅)?,9000083
신상진(자유한국당/申相珍),9000084
신상진(자유한국당/申相珍)?,9000084
신상진(새누리당/申相珍),9000084
신상진(새누리당/申相珍)?,9000084
신용현(바른미래당/申容賢),9000085
신용현(바른미래당/申容賢)?,9000085
신용현(국민의당/申容賢),9000085
신용현(국민의당/申容賢)?,9000085
신창현(더불어민주당/申昌賢)?,9000086
신창현(더불어민주당/申昌賢),9000086
심기준(더불어민주당/沈基俊)?,9000087
심기준(더불어민주당/沈基俊),9000087
심재권(더불어민주당/沈載權)?,9000088
심재권(더불어민주당/沈載權),9000088
심재철(자유한국당/沈在哲),9000089
심재철(자유한국당/沈在哲)?,9000089
심재철(새누리당/沈在哲),9000089
심재철(새누리당/沈在哲)?,9000089
안상수(자유한국당/安相洙),9000090
안상수(자유한국당/安相洙)?,9000090
안상수(새누리당/安相洙),9000090
안상수(새누리당/安相洙)?,9000090
안상수(무소속/安相洙),9000090
안철수(국민의당/安哲秀),9000091
안철수(국민의당/安哲秀)?,9000091
양승조(더불어민주당/梁承晁)?,9000092
양승조(더불어민주당/梁承晁),9000092
엄용수(자유한국당/嚴龍洙),9000093
엄용수(자유한국당/嚴龍洙)?,9000093
엄용수(새누리당/嚴龍洙),9000093
엄용수(새누리당/嚴龍洙)?,9000093
여상규(자유한국당/余尙奎),9000094
여상규(자유한국당/余尙奎)?,9000094
여상규(바른정당/余尙奎),9000094
여상규(바른정당/余尙奎)?,9000094
여상규(새누리당/余尙奎)?,9000094
여상규(새누리당/余尙奎),9000094
여영국(정의당/余永國),9000095
염동열(자유한국당/廉東烈),9000096
염동열(자유한국당/廉東烈)?,9000096
염동열(새누리당/廉東烈),9000096
염동열(새누리당/廉東烈)?,9000096
오세정(바른미래당/吳世正),9000097
오세정(바른미래당/吳世正)?,9000097
오세정(국민의당/吳世正),9000097
오세정(국민의당/吳世正)?,9000097
오신환(바른미래당/吳晨煥),9000098
오신환(바른미래당/吳晨煥)?,9000098
오신환(바른정당/吳晨煥),9000098
오신환(바른정당/吳晨煥)?,9000098
오신환(새누리당/吳晨煥)?,9000098
오신환(새누리당/吳晨煥),9000098
오신환(새로운보수당/吳晨煥),9000098
오제세(더불어민주당/吳濟世)?,9000099
오제세(더불어민주당/吳濟世),9000099
원유철(자유한국당/元裕哲),9000100
원유철(자유한국당/元裕哲)?,9000100
원유철(새누리당/元裕哲)?,9000100
원유철(새누리당/元裕哲),9000100
원혜영(더불어민주당/元惠榮)?,9000101
원혜영(더불어민주당/元惠榮),9000101
유기준(자유한국당/兪奇濬),9000102
유기준(자유한국당/兪奇濬)?,9000102
유기준(새누리당/兪奇濬),9000102
유기준(새누리당/兪奇濬)?,9000102
유민봉(자유한국당/庾敏鳳),9000103
유민봉(자유한국당/庾敏鳳)?,9000103
유민봉(새누리당/庾敏鳳),9000103
유민봉(새누리당/庾敏鳳)?,9000103
유성엽(민주평화당/柳成葉),9000104
유성엽(민주평화당/柳成葉)?,9000104
유성엽(국민의당/柳成葉),9000104
유성엽(국민의당/柳成葉)?,9000104
유성엽(대안신당/柳成葉),9000104
유성엽(무소속/柳成葉),9000104
유승민(바른미래당/劉承旼),9000105
유승민(바른미래당/劉承旼)?,9000105
유승민(바른정당/劉承旼),9000105
유승민(바른정당/劉承旼)?,9000105
유승민(개혁보수신당/劉承旼),9000105
유승민(새누리당/劉承旼),9000105
유승민(새누리당/劉承旼)?,9000105
유승민(무소속/劉承旼),9000105
유승희(더불어민주당/兪承希)?,9000106
유승희(더불어민주당/兪承希),9000106
유은혜(더불어민주당/兪銀惠)?,9000107
유은혜(더불어민주당/兪銀惠),9000107
유재중(자유한국당/柳在仲),9000108
유재중(자유한국당/柳在仲)?,9000108
유재중(새누리당/柳在仲),9000108
유재중(새누리당/柳在仲)?,9000108
윤상직(자유한국당/尹相直),9000109
윤상직(자유한국당/尹相直)?,9000109
윤상직(새누리당/尹相直),9000109
윤상직(새누리당/尹相直)?,9000109
윤소하(정의당/尹昭夏)?,9000110
윤소하(정의당/尹昭夏),9000110
윤영일(민주평화당/尹英壹),9000111
윤영일(민주평화당/尹英壹)?,9000111
윤영일(무소속/尹英壹),9000111
윤영일(대안신당/尹英壹),9000111
윤영일(국민의당/尹英壹),9000111
윤영일(국민의당/尹英壹)?,9000111
윤일규(더불어민주당/尹一逵)?,9000112
윤일규(더불어민주당/尹一逵),9000112
윤종오(새민중정당/尹鍾五),9000113
윤종오(무소속/尹鍾五),9000113
윤종오(무소속/尹鍾五)?,9000113
윤종오(민중당/尹鍾五),9000113
윤종필(자유한국당/尹鍾畢),9000114
윤종필(자유한국당/尹鍾畢)?,9000114
윤종필(새누리당/尹鍾畢),9000114
윤종필(새누리당/尹鍾畢)?,9000114
윤준호(더불어민주당/尹俊晧)?,9000115
윤준호(더불어민주당/尹俊晧),9000115
이군현(자유한국당/李君賢),9000116
이군현(자유한국당/李君賢)?,9000116
이군현(바른정당/李君賢),9000116
이군현(바른정당/李君賢)?,9000116
이군현(개혁보수신당/李君賢),9000116
이군현(새누리당/李君賢),9000116
이군현(새누리당/李君賢)?,9000116
이규희(더불어민주당/李揆熙)?,9000117
이규희(더불어민주당/李揆熙),9000117
이동섭(바른미래당/李銅燮),9000118
이동섭(바른미래당/李銅燮)?,9000118
이동섭(국민의당/李銅燮),9000118
이동섭(국민의당/李銅燮)?,9000118
이상돈(바른미래당/李相敦),9000119
이상돈(바른미래당/李相敦)?,9000119
이상돈(국민의당/李相敦),9000119
이상돈(국민의당/李相敦)?,9000119
이석현(더불어민주당/李錫玄)?,9000120
이석현(더불어민주당/李錫玄),9000120
이수혁(더불어민주당/李秀赫)?,9000121
이수혁(더불어민주당/李秀赫),9000121
이언주(바른미래당/李彦周),9000122
이언주(무소속/李彦周),9000122
이언주(바른미래당/李彦周)?,9000122
이언주(국민의당/李彦周),9000122
이언주(국민의당/李彦周)?,9000122
이언주(미래를향한전진4.0/李彦周),9000122
이언주(더불어민주당/李彦周),9000122
이언주(더불어민주당/李彦周)?,9000122
이완영(자유한국당/李完永),9000123
이완영(자유한국당/李完永)?,9000123
이완영(새누리당/李完永),9000123
이완영(새누리당/李完永)?,9000123
이용득(더불어민주당/李龍得)?,9000124
이용득(더불어민주당/李龍得),9000124
이용주(민주평화당/李勇周),9000125
이용주(민주평화당/李勇周)?,9000125
이용주(국민의당/李勇周),9000125
이용주(국민의당/李勇周)?,9000125
이용주(무소속/李勇周),9000125
이우현(자유한국당/李愚鉉),9000126
이우현(자유한국당/李愚鉉)?,9000126
이우현(새누리당/李愚鉉),9000126
이우현(새누리당/李愚鉉)?,9000126
이은권(자유한국당/李殷權),9000127
이은권(자유한국당/李殷權)?,9000127
이은권(새누리당/李殷權),9000127
이은권(새누리당/李殷權)?,9000127
이은재(자유한국당/李恩宰),9000128
이은재(자유한국당/李恩宰)?,9000128
이은재(바른정당/李恩宰),9000128
이은재(바른정당/李恩宰)?,9000128
이은재(개혁보수신당/李恩宰),9000128
이은재(새누리당/李恩宰)?,9000128
이은재(새누리당/李恩宰),9000128
이장우(자유한국당/李莊雨),9000129
이장우(자유한국당/李莊雨)?,9000129
이장우(새누리당/李莊雨),9000129
이장우(새누리당/李莊雨)?,9000129
이정미(정의당/李貞味)?,9000130
이정미(정의당/李貞味),9000130
이정현(무소속/李貞鉉)?,9000131
이정현(새누리당/李貞鉉),9000131
이정현(새누리당/李貞鉉)?,9000131
이정현(무소속/李貞鉉),9000131
이종걸(더불어민주당/李鍾杰)?,9000132
이종걸(더불어민주당/李鍾杰),9000132
이종구(자유한국당/李鍾九),9000133
이종구(자유한국당/李鍾九)?,9000133
이종구(바른정당/李鍾九),9000133
이종구(바른정당/李鍾九)?,9000133
이종구(개혁보수신당/李鍾九),9000133
이종구(새누리당/李鍾九)?,9000133
이종구(새누리당/李鍾九),9000133
이종명(자유한국당/李鍾明),9000134
이종명(자유한국당/李鍾明)?,9000134
이종명(미래한국당/李鍾明),9000134
이종명(새누리당/李鍾明),9000134
이종명(새누리당/李鍾明)?,9000134
이주영(자유한국당/李柱榮),9000135
이주영(자유한국당/李柱榮)?,9000135
이주영(새누리당/李柱榮)?,9000135
이주영(새누리당/李柱榮),9000135
이진복(자유한국당/李珍福),9000136
이진복(자유한국당/李珍福)?,9000136
이진복(바른정당/李珍福),9000136
이진복(바른정당/李珍福)?,9000136
이진복(개혁보수신당/李珍福),9000136
이진복(새누리당/李珍福),9000136
이진복(새누리당/李珍福)?,9000136
이찬열(바른미래당/李燦烈),9000137
이찬열(바른미래당/李燦烈)?,9000137
이찬열(자유한국당/李燦烈),9000137
이찬열(국민의당/李燦烈),9000137
이찬열(국민의당/李燦烈)?,9000137
이찬열(무소속/李燦烈),9000137
이찬열(무소속/李燦烈)?,9000137
이찬열(더불어민주당/李燦烈),9000137
이찬열(더불어민주당/李燦烈)?,9000137
이철우(자유한국당/李喆雨),9000138
이철우(자유한국당/李喆雨)?,9000138
이철우(새누리당/李喆雨),9000138
이철우(새누리당/李喆雨)?,9000138
이철희(더불어민주당/李哲熙)?,9000139
이철희(더불어민주당/李哲熙),9000139
이춘석(더불어민주당/李春錫)?,9000140
이춘석(더불어민주당/李春錫),9000140
이학재(자유한국당/李鶴宰),9000141
이학재(자유한국당/李鶴宰)?,9000141
이학재(바른미래당/李鶴宰),9000141
이학재(바른미래당/李鶴宰)?,9000141
이학재(바른정당/李鶴宰),9000141
이학재(바른정당/李鶴宰)?,9000141
이학재(개혁보수신당/李鶴宰),9000141
이학재(새누리당/李鶴宰),9000141
이학재(새누리당/李鶴宰)?,9000141
이학재(미래통합당/李鶴宰),9000141
이해찬(더불어민주당/李海瓚)?,9000142
이해찬(무소속/李海瓚),9000142
이해찬(무소속/李海瓚)?,9000142
이해찬(더불어민주당/李海瓚),9000142
이현재(자유한국당/李賢在),9000143
이현재(자유한국당/李賢在)?,9000143
이현재(새누리당/李賢在),9000143
이현재(새누리당/李賢在)?,9000143
이혜훈(바른미래당/李惠薰),9000144
이혜훈(바른미래당/李惠薰)?,9000144
이혜훈(바른정당/李惠薰),9000144
이혜훈(바른정당/李惠薰)?,9000144
이혜훈(새누리당/李惠薰)?,9000144
이혜훈(새누리당/李惠薰),9000144
이혜훈(새로운보수당/李惠薰),9000144
이후삼(더불어민주당/李厚三)?,9000145
이후삼(더불어민주당/李厚三),9000145
이훈(더불어민주당/李薰)?,9000146
이훈(더불어민주당/李薰),9000146
임재훈(바른미래당/林哉勳),9000147
임재훈(바른미래당/林哉勳)?,9000147
장병완(민주평화당/張秉浣),9000148
장병완(민주평화당/張秉浣)?,9000148
장병완(대안신당/張秉浣),9000148
장병완(국민의당/張秉浣),9000148
장병완(국민의당/張秉浣)?,9000148
장병완(무소속/張秉浣),9000148
장석춘(자유한국당/張錫春),9000149
장석춘(자유한국당/張錫春)?,9000149
장석춘(새누리당/張錫春),9000149
장석춘(새누리당/張錫春)?,9000149
장정숙(바른미래당/張貞淑),9000150
장정숙(바른미래당/張貞淑)?,9000150
장정숙(국민의당/張貞淑),9000150
장정숙(국민의당/張貞淑)?,9000150
전현희(더불어민주당/全賢姬)?,9000151
전현희(더불어민주당/全賢姬),9000151
전희경(자유한국당/全希卿),9000152
전희경(자유한국당/全希卿)?,9000152
전희경(새누리당/全希卿),9000152
전희경(새누리당/全希卿)?,9000152
정갑윤(자유한국당/鄭甲潤),9000153
정갑윤(자유한국당/鄭甲潤)?,9000153
정갑윤(무소속/鄭甲潤),9000153
정갑윤(새누리당/鄭甲潤),9000153
정갑윤(새누리당/鄭甲潤)?,9000153
정동영(민주평화당/鄭東泳),9000154
정동영(민주평화당/鄭東泳)?,9000154
정동영(무소속/鄭東泳),9000154
정동영(국민의당/鄭東泳),9000154
정동영(국민의당/鄭東泳)?,9000154
정병국(바른미래당/鄭柄國),9000155
정병국(바른미래당/鄭柄國)?,9000155
정병국(바른정당/鄭柄國),9000155
정병국(바른정당/鄭柄國)?,9000155
정병국(개혁보수신당/鄭柄國),9000155
정병국(새누리당/鄭柄國),9000155
정병국(새누리당/鄭柄國)?,9000155
정병국(새로운보수당/鄭柄國),9000155
정세균(더불어민주당/丁世均)?,9000156
정세균(무소속/丁世均),9000156
정세균(더불어민주당/丁世均),9000156
정양석(자유한국당/鄭亮碩),9000157
정양석(자유한국당/鄭亮碩)?,9000157
정양석(바른정당/鄭亮碩),9000157
정양석(바른정당/鄭亮碩)?,9000157
정양석(개혁보수신당/鄭亮碩),9000157
정양석(새누리당/鄭亮碩),9000157
정양석(새누리당/鄭亮碩)?,9000157
정용기(자유한국당/鄭容起),9000158
정용기(자유한국당/鄭容起)?,9000158
정용기(새누리당/鄭容起),9000158
정용기(새누리당/鄭容起)?,9000158
정우택(자유한국당/鄭宇澤),9000159
정우택(자유한국당/鄭宇澤)?,9000159
정우택(새누리당/鄭宇澤),9000159
정우택(새누리당/鄭宇澤)?,9000159
정유섭(자유한국당/鄭有燮),9000160
정유섭(자유한국당/鄭有燮)?,9000160
정유섭(새누리당/鄭有燮),9000160
정유섭(새누리당/鄭有燮)?,9000160
정인화(민주평화당/鄭仁和),9000161
정인화(민주평화당/鄭仁和)?,9000161
정인화(국민의당/鄭仁和),9000161
정인화(국민의당/鄭仁和)?,9000161
정인화(무소속/鄭仁和),9000161
정재호(더불어민주당/鄭在浩)?,9000162
정재호(더불어민주당/鄭在浩),9000162
정종섭(자유한국당/鄭宗燮),9000163
정종섭(자유한국당/鄭宗燮)?,9000163
정종섭(새누리당/鄭宗燮)?,9000163
정종섭(새누리당/鄭宗燮),9000163
정태옥(자유한국당/鄭泰沃),9000164
정태옥(자유한국당/鄭泰沃)?,9000164
정태옥(무소속/鄭泰沃)?,9000164
정태옥(미래통합당/鄭泰沃),9000164
정태옥(새누리당/鄭泰沃),9000164
정태옥(새누리당/鄭泰沃)?,9000164
정태옥(무소속/鄭泰沃),9000164
제윤경(더불어민주당/諸閏景)?,9000165
제윤경(더불어민주당/諸閏景),9000165
조배숙(민주평화당/趙培淑),9000166
조배숙(민주평화당/趙培淑)?,9000166
조배숙(무소속/趙培淑),9000166
조배숙(국민의당/趙培淑),9000166
조배숙(국민의당/趙培淑)?,9000166
조원진(대한애국당/趙源震),9000167
조원진(새누리당(비)/趙源震),9000167
조원진(새누리당/趙源震),9000167
조원진(자유한국당/趙源震),9000167
조원진(새누리당/趙源震)?,9000167
조원진(우리공화당/趙源震),9000167
조훈현(자유한국당/曺薰鉉),9000168
조훈현(자유한국당/曺薰鉉)?,9000168
조훈현(미래한국당/曺薰鉉),9000168
조훈현(새누리당/曺薰鉉),9000168
조훈현(새누리당/曺薰鉉)?,9000168
주광덕(자유한국당/朱光德),9000169
주광덕(자유한국당/朱光德)?,9000169
주광덕(새누리당/朱光德),9000169
주광덕(새누리당/朱光德)?,9000169
주승용(바른미래당/朱昇鎔),9000170
주승용(바른미래당/朱昇鎔)?,9000170
주승용(국민의당/朱昇鎔),9000170
주승용(국민의당/朱昇鎔)?,9000170
지상욱(바른미래당/池尙昱),9000171
지상욱(바른미래당/池尙昱)?,9000171
지상욱(바른정당/池尙昱),9000171
지상욱(바른정당/池尙昱)?,9000171
지상욱(자유한국당/池尙昱),9000171
지상욱(새누리당/池尙昱),9000171
지상욱(새누리당/池尙昱)?,9000171
지상욱(미래통합당/池尙昱),9000171
진영(더불어민주당/陳永)?,9000172
진영(더불어민주당/陳永),9000172
채이배(바른미래당/蔡利培),9000173
채이배(바른미래당/蔡利培)?,9000173
채이배(국민의당/蔡利培),9000173
채이배(국민의당/蔡利培)?,9000173
천정배(민주평화당/千正培),9000174
천정배(민주평화당/千正培)?,9000174
천정배(대안신당/千正培),9000174
천정배(국민의당/千正培),9000174
천정배(국민의당/千正培)?,9000174
천정배(무소속/千正培),9000174
최경환(자유한국당/崔炅煥),9000175
최경환(자유한국당/崔炅煥)?,9000175
최경환(새누리당/崔炅煥),9000175
최경환(새누리당/崔炅煥)?,9000175
최교일(자유한국당/崔敎一),9000176
최교일(자유한국당/崔敎一)?,9000176
최교일(새누리당/崔敎一),9000176
최교일(새누리당/崔敎一)?,9000176
최도자(바른미래당/崔道子),9000177
최도자(바른미래당/崔道子)?,9000177
최도자(국민의당/崔道子),9000177
최도자(국민의당/崔道子)?,9000177
최명길(국민의당/崔明吉),9000178
최명길(국민의당/崔明吉)?,9000178
최명길(무소속/崔明吉),9000178
최명길(더불어민주당/崔明吉),9000178
최명길(더불어민주당/崔明吉)?,9000178
최연혜(자유한국당/崔然惠),9000179
최연혜(자유한국당/崔然惠)?,9000179
최연혜(새누리당/崔然惠),9000179
최연혜(새누리당/崔然惠)?,9000179
최운열(더불어민주당/崔運烈)?,9000180
최운열(더불어민주당/崔運烈),9000180
최재성(더불어민주당/崔宰誠)?,9000181
최재성(더불어민주당/崔宰誠),9000181
추미애(더불어민주당/秋美愛)?,9000182
추미애(더불어민주당/秋美愛),9000182
추혜선(정의당/秋惠仙)?,9000183
추혜선(정의당/秋惠仙),9000183
표창원(더불어민주당/表蒼園)?,9000184
표창원(더불어민주당/表蒼園),9000184
한선교(자유한국당/韓善敎),9000185
한선교(자유한국당/韓善敎)?,9000185
한선교(새누리당/韓善敎),9000185
한선교(새누리당/韓善敎)?,9000185
한선교(미래한국당/韓善敎),9000185
함진규(자유한국당/咸珍圭),9000186
함진규(자유한국당/咸珍圭)?,9000186
함진규(새누리당/咸珍圭),9000186
함진규(새누리당/咸珍圭)?,9000186
함진규(미래통합당/咸珍圭),9000186
홍문종(우리공화당/洪文鐘),9000187
홍문종(자유한국당/洪文鐘),9000187
홍문종(자유한국당/洪文鐘)?,9000187
홍문종(새누리당/洪文鐘),9000187
홍문종(새누리당/洪文鐘)?,9000187
홍문종(대한애국당/洪文鐘),9000187
홍의락(더불어민주당/洪宜洛)?,9000188
홍의락(무소속/洪宜洛),9000188
홍의락(무소속/洪宜洛)?,9000188
홍의락(더불어민주당/洪宜洛),9000188
홍일표(자유한국당/洪日杓),9000189
홍일표(자유한국당/洪日杓)?,9000189
홍일표(바른정당/洪日杓),9000189
홍일표(바른정당/洪日杓)?,9000189
홍일표(개혁보수신당/洪日杓),9000189
홍일표(새누리당/洪日杓)?,9000189
홍일표(새누리당/洪日杓),9000189
홍일표(미래통합당/洪日杓),9000189
홍철호(자유한국당/洪哲鎬),9000190
홍철호(자유한국당/洪哲鎬)?,9000190
홍철호(바른정당/洪哲鎬),9000190
홍철호(바른정당/洪哲鎬)?,9000190
홍철호(새누리당/洪哲鎬),9000190
홍철호(새누리당/洪哲鎬)?,9000190
황영철(자유한국당/黃永哲),9000191
황영철(자유한국당/黃永哲)?,9000191
황영철(바른정당/黃永哲),9000191
황영철(바른정당/黃永哲)?,9000191
황영철(개혁보수신당/黃永哲),9000191
황영철(새누리당/黃永哲),9000191
황영철(새누리당/黃永哲)?,9000191
황주홍(민주평화당/黃柱洪),9000192
황주홍(민주평화당/黃柱洪)?,9000192
황주홍(무소속/黃柱洪),9000192
황주홍(국민의당/黃柱洪),9000192
황주홍(국민의당/黃柱洪)?,9000192
최경환(민주평화당/崔敬煥),9000193
최경환(대안신당/崔敬煥),9000193
최경환(민주평화당/崔敬煥)?,9000193
최경환(무소속/崔敬煥),9000193
최경환(국민의당/崔敬煥),9000193
최경환(국민의당/崔敬煥)?,9000193
김성태(자유한국당/金成泰),9000194
김성태(자유한국당/金成泰)?,9000194
김성태(새누리당/金成泰),9000194
김성태(새누리당/金成泰)?,9000194
박병석(더불어민주당/朴炳錫),9770090
박병석(더불어민주당/朴炳錫)?,9770090
변재일(더불어민주당/卞在一),9770356
변재일(더불어민주당/卞在一)?,9770356
안민석(더불어민주당/安敏錫),9770372
안민석(더불어민주당/安敏錫)?,9770372
이상민(더불어민주당/李相珉),9770414
이상민(더불어민주당/李相珉)?,9770414
조경태(자유한국당/趙慶泰),9770450
조경태(자유한국당/趙慶泰)?,9770450
조경태(미래통합당/趙慶泰),9770450
조경태(새누리당/趙慶泰),9770450
조경태(새누리당/趙慶泰)?,9770450
조정식(더불어민주당/趙正湜),9770456
조정식(더불어민주당/趙正湜)?,9770456
김상희(더불어민주당/金相姬),9770527
김상희(더불어민주당/金相姬)?,9770527
안규백(더불어민주당/安圭伯),9770587
안규백(더불어민주당/安圭伯)?,9770587
윤상현(자유한국당/尹相現),9770598
윤상현(자유한국당/尹相現)?,9770598
윤상현(새누리당/尹相現),9770598
윤상현(새누리당/尹相現)?,9770598
이명수(자유한국당/李明洙),9770602
이명수(자유한국당/李明洙)?,9770602
이명수(새누리당/李明洙),9770602
이명수(새누리당/李明洙)?,9770602
홍영표(더불어민주당/洪永杓),9770676
홍영표(더불어민주당/洪永杓)?,9770676
권성동(자유한국당/權性東),9770679
권성동(자유한국당/權性東)?,9770679
권성동(바른정당/權性東),9770679
권성동(바른정당/權性東)?,9770679
권성동(개혁보수신당/權性東),9770679
권성동(새누리당/權性東),9770679
권성동(새누리당/權性東),9770679
김경협(더불어민주당/金炅俠),9770712
김경협(더불어민주당/金炅俠)?,9770712
김도읍(자유한국당/金度邑),9770719
김도읍(자유한국당/金度邑)?,9770719
김도읍(새누리당/金度邑),9770719
김도읍(새누리당/金度邑)?,9770719
김민기(더불어민주당/金敏基),9770723
김민기(더불어민주당/金敏基)?,9770723
김상훈(자유한국당/金相勳),9770725
김상훈(자유한국당/金相勳)?,9770725
김상훈(새누리당/金相勳),9770725
김상훈(새누리당/金相勳)?,9770725
김태년(더불어민주당/金太年),9770741
김태년(더불어민주당/金太年)?,9770741
김태흠(자유한국당/金泰欽),9770742
김태흠(자유한국당/金泰欽)?,9770742
김태흠(새누리당/金泰欽),9770742
김태흠(새누리당/金泰欽)?,9770742
남인순(더불어민주당/南仁順),9770752
남인순(더불어민주당/南仁順)?,9770752
노웅래(더불어민주당/盧雄來),9770753
노웅래(더불어민주당/盧雄來)?,9770753
도종환(더불어민주당/都鍾煥),9770755
도종환(더불어민주당/都鍾煥)?,9770755
도종환(더불어민주당/都鐘煥),9770755
도종환(더불어민주당/都鐘煥)?,9770755
민홍철(더불어민주당/閔洪喆),9770764
민홍철(더불어민주당/閔洪喆)?,9770764
박대출(자유한국당/朴大出),9770767
박대출(자유한국당/朴大出)?,9770767
박대출(새누리당/朴大出),9770767
박대출(새누리당/朴大出)?,9770767
박덕흠(자유한국당/朴德欽),9770768
박덕흠(자유한국당/朴德欽)?,9770768
박덕흠(새누리당/朴德欽),9770768
박덕흠(새누리당/朴德欽)?,9770768
박범계(더불어민주당/朴範界),9770770
박범계(더불어민주당/朴範界)?,9770770
박완주(더불어민주당/朴完柱),9770774
박완주(더불어민주당/朴完柱)?,9770774
박홍근(더불어민주당/朴洪根),9770779
박홍근(더불어민주당/朴洪根)?,9770779
서영교(더불어민주당/徐瑛敎),9770784
서영교(더불어민주당/徐瑛敎)?,9770784
서영교(무소속/徐瑛敎),9770784
서영교(무소속/徐瑛敎)?,9770784
설훈(더불어민주당/薛勳),9770786
설훈(더불어민주당/薛勳)?,9770786
윤관석(더불어민주당/尹官石),9770808
윤관석(더불어민주당/尹官石)?,9770808
윤영석(자유한국당/尹永碩),9770811
윤영석(자유한국당/尹永碩)?,9770811
윤영석(새누리당/尹永碩),9770811
윤영석(새누리당/尹永碩)?,9770811
윤재옥(자유한국당/尹在玉),9770812
윤재옥(자유한국당/尹在玉)?,9770812
윤재옥(새누리당/尹在玉),9770812
윤재옥(새누리당/尹在玉)?,9770812
윤후덕(더불어민주당/尹厚德),9770813
윤후덕(더불어민주당/尹厚德)?,9770813
이원욱(더불어민주당/李元旭),9770826
이원욱(더불어민주당/李元旭)?,9770826
이채익(자유한국당/李埰益),9770835
이채익(자유한국당/李埰益)?,9770835
이채익(미래통합당/李埰益),9770835
이채익(새누리당/李埰益),9770835
이채익(새누리당/李埰益)?,9770835
이학영(더불어민주당/李學永),9770836
이학영(더불어민주당/李學永)?,9770836
이헌승(자유한국당/李憲昇),9770837
이헌승(자유한국당/李憲昇)?,9770837
이헌승(새누리당/李憲昇),9770837
이헌승(새누리당/李憲昇)?,9770837
인재근(더불어민주당/印在謹),9770839
인재근(더불어민주당/印在謹)?,9770839
전해철(더불어민주당/全海澈),9770846
전해철(더불어민주당/全海澈)?,9770846
진선미(더불어민주당/陳善美),9770852
진선미(더불어민주당/陳善美)?,9770852
하태경(바른미래당/河泰慶),9770858
하태경(바른미래당/河泰慶)?,9770858
하태경(새로운보수당/河泰慶),9770858
하태경(바른정당/河泰慶),9770858
하태경(미래통합당/河泰慶),9770858
하태경(바른정당/河泰慶)?,9770858
하태경(개혁보수신당/河泰慶),9770858
하태경(새누리당/河泰慶)?,9770858
하태경(새누리당/河泰慶),9770858
한정애(더불어민주당/韓貞愛),9770859
한정애(더불어민주당/韓貞愛)?,9770859
홍익표(더불어민주당/洪翼杓),9770864
홍익표(더불어민주당/洪翼杓)?,9770864
심상정(정의당/沈相?),9770869
심상정(정의당/沈相鄭)?,9770869
심상정(정의당/沈相정)?,9770869
우상호(더불어민주당/禹相虎),9770871
우상호(더불어민주당/禹相虎)?,9770871
우원식(더불어민주당/禹元植),9770872
우원식(더불어민주당/禹元植)?,9770872
윤호중(더불어민주당/尹昊重),9770876
윤호중(더불어민주당/尹昊重)?,9770876
이인영(더불어민주당/李仁榮),9770878
이인영(더불어민주당/李仁榮)?,9770878
정성호(더불어민주당/鄭成湖),9770881
정성호(더불어민주당/鄭成湖)?,9770881
주호영(자유한국당/朱豪英),9770883
주호영(자유한국당/朱豪英)?,9770883
주호영(미래통합당/朱豪英),9770883
주호영(바른정당/朱豪英),9770883
주호영(개혁보수신당/朱豪英),9770883
주호영(새누리당/朱豪英),9770883
주호영(새누리당/朱豪英)?,9770883
주호영(무소속/朱豪英),9770883
홍문표(자유한국당/洪文杓),9770886
홍문표(자유한국당/洪文杓)?,9770886
홍문표(바른정당/洪文杓),9770886
홍문표(바른정당/洪文杓)?,9770886
홍문표(개혁보수신당/洪文杓),9770886
홍문표(새누리당/洪文杓),9770886
홍문표(새누리당/洪文杓)?,9770886
이개호(더불어민주당/李介昊),9770905
이개호(더불어민주당/李介昊)?,9770905
박광온(더불어민주당/朴洸瑥),9770911
박광온(더불어민주당/朴洸瑥)?,9770911
유의동(바른미래당/兪義東),9770912
유의동(바른미래당/兪義東)?,9770912
유의동(바른정당/兪義東),9770912
유의동(바른정당/兪義東)?,9770912
유의동(개혁보수신당/兪義東),9770912
유의동(새누리당/兪義東),9770912
유의동(새누리당/兪義東)?,9770912
이종배(자유한국당/李鍾培),9770914
이종배(자유한국당/李鍾培)?,9770914
이종배(새누리당/李鍾培),9770914
이종배(새누리당/李鍾培)?,9770914
전혜숙(더불어민주당/全惠淑),9770926
전혜숙(더불어민주당/全惠淑)?,9770926
기동민(더불어민주당/奇東旻),9770927
기동민(더불어민주당/奇東旻)?,9770927
박용진(더불어민주당/朴用鎭),9770929
박용진(더불어민주당/朴用鎭)?,9770929
고용진(더불어민주당/高榕?),9770931
고용진(더불어민주당/高榕禛),9770931
고용진(더불어민주당/고용진)?,9770931
박주민(더불어민주당/朴柱民),9770932
박주민(더불어민주당/朴柱民)?,9770932
강병원(더불어민주당/姜炳遠),9770933
강병원(더불어민주당/姜炳遠)?,9770933
김영호(더불어민주당/金映豪),9770934
김영호(더불어민주당/金映豪)?,9770934
황희(더불어민주당/黃熙),9770936
황희(더불어민주당/黃熙)?,9770936
김병기(더불어민주당/金炳基),9770941
김병기(더불어민주당/金炳基)?,9770941
박성중(자유한국당/朴成重),9770944
박성중(자유한국당/朴成重)?,9770944
박성중(바른정당/朴成重),9770944
박성중(바른정당/朴成重)?,9770944
박성중(개혁보수신당/朴成重),9770944
박성중(새누리당/朴成重),9770944
박성중(새누리당/朴成重)?,9770944
박재호(더불어민주당/朴在昊),9770950
박재호(더불어민주당/朴在昊)?,9770950
전재수(더불어민주당/田載秀),9770951
전재수(더불어민주당/田載秀)?,9770951
최인호(더불어민주당/崔仁昊),9770952
최인호(더불어민주당/崔仁昊)?,9770952
장제원(자유한국당/張濟元),9770954
장제원(자유한국당/張濟元)?,9770954
장제원(무소속/張濟元),9770954
장제원(바른정당/張濟元),9770954
장제원(바른정당/張濟元)?,9770954
장제원(새누리당/張濟元),9770954
장제원(새누리당/張濟元)?,9770954
곽상도(자유한국당/郭尙道),9770956
곽상도(자유한국당/郭尙道)?,9770956
곽상도(새누리당/郭尙道),9770956
곽상도(새누리당/郭尙道)?,9770956
추경호(자유한국당/秋慶鎬),9770962
추경호(자유한국당/秋慶鎬)?,9770962
추경호(미래통합당/秋慶鎬),9770962
추경호(새누리당/秋慶鎬),9770962
추경호(새누리당/秋慶鎬)?,9770962
박찬대(더불어민주당/朴贊大),9770963
박찬대(더불어민주당/朴贊大)?,9770963
유동수(더불어민주당/柳東秀),9770966
유동수(더불어민주당/柳東秀)?,9770966
송영길(더불어민주당/宋永吉),9770967
송영길(더불어민주당/宋永吉)?,9770967
신동근(더불어민주당/申東根),9770968
신동근(더불어민주당/申東根)?,9770968
조승래(더불어민주당/趙承來),9770973
조승래(더불어민주당/趙承來)?,9770973
김영주(더불어민주당/金榮珠),9770975
김영주(더불어민주당/金榮珠)?,9770975
권은희(바른미래당/權垠希),9770977
권은희(바른미래당/權垠希)?,9770977
권은희(국민의당/權垠希),9770977
권은희(국민의당/權垠希)?,9770977
백혜련(더불어민주당/白惠蓮),9770980
백혜련(더불어민주당/白惠蓮)?,9770980
김영진(더불어민주당/金榮鎭),9770981
김영진(더불어민주당/金榮鎭)?,9770981
김진표(더불어민주당/金振杓),9770982
김진표(더불어민주당/金振杓)?,9770982
김병욱(더불어민주당/金炳旭),9770984
김병욱(더불어민주당/金炳旭)?,9770984
김성원(자유한국당/金成願),9770985
김성원(자유한국당/金成願)?,9770985
김성원(새누리당/金成願),9770985
김성원(새누리당/金成願)?,9770985
김철민(더불어민주당/金哲玟),9770986
김철민(더불어민주당/金哲玟)?,9770986
조응천(더불어민주당/趙應天),9770990
조응천(더불어민주당/趙應天)?,9770990
김한정(더불어민주당/金漢正),9770991
김한정(더불어민주당/金漢正)?,9770991
박정(더불어민주당/朴釘),9770995
박정(더불어민주당/朴釘)?,9770995
송석준(자유한국당/宋錫俊),9770996
송석준(자유한국당/宋錫俊)?,9770996
송석준(새누리당/宋錫俊),9770996
송석준(새누리당/宋錫俊)?,9770996
김두관(더불어민주당/金斗官),9770997
김두관(더불어민주당/金斗官)?,9770997
권칠승(더불어민주당/權七勝),9770998
권칠승(더불어민주당/權七勝)?,9770998
소병훈(더불어민주당/蘇秉勳),9770999
소병훈(더불어민주당/蘇秉勳)?,9770999
임종성(더불어민주당/林鍾聲),9771000
임종성(더불어민주당/林鍾聲)?,9771000
송기헌(더불어민주당/宋基憲),9771001
송기헌(더불어민주당/宋基憲)?,9771001
이철규(자유한국당/李喆圭),9771002
이철규(자유한국당/李喆圭)?,9771002
이철규(새누리당/李喆圭),9771002
이철규(새누리당/李喆圭)?,9771002
이철규(무소속/李喆圭),9771002
이양수(자유한국당/李亮壽),9771003
이양수(자유한국당/李亮壽)?,9771003
이양수(새누리당/李亮壽),9771003
이양수(새누리당/李亮壽)?,9771003
정진석(자유한국당/鄭鎭碩),9771006
정진석(자유한국당/鄭鎭碩)?,9771006
정진석(새누리당/鄭鎭碩)?,9771006
정진석(새누리당/鄭鎭碩),9771006
강훈식(더불어민주당/姜勳植),9771007
강훈식(더불어민주당/姜勳植)?,9771007
성일종(자유한국당/成一鍾),9771008
성일종(자유한국당/成一鍾)?,9771008
성일종(미래통합당/成一鍾),9771008
성일종(새누리당/成一鍾),9771008
성일종(새누리당/成一鍾)?,9771008
김종민(더불어민주당/金鍾民),9771009
김종민(더불어민주당/金鍾民)?,9771009
어기구(더불어민주당/魚基龜),9771010
어기구(더불어민주당/魚基龜)?,9771010
정운천(바른미래당/鄭雲天),9771012
정운천(바른미래당/鄭雲天)?,9771012
정운천(바른정당/鄭雲天),9771012
정운천(바른정당/鄭雲天)?,9771012
정운천(개혁보수신당/鄭雲天),9771012
정운천(새누리당/鄭雲天),9771012
정운천(새누리당/鄭雲天)?,9771012
정운천(미래한국당/鄭雲天),9771012
이용호(무소속/李容鎬),9771015
이용호(국민의당/李容鎬),9771015
이용호(국민의당/李容鎬)?,9771015
안호영(더불어민주당/安浩永),9771017
안호영(더불어민주당/安浩永)?,9771017
김정재(자유한국당/金汀才),9771023
김정재(자유한국당/金汀才)?,9771023
김정재(미래통합당/金汀才),9771023
김정재(새누리당/金汀才),9771023
김정재(새누리당/金汀才)?,9771023
김석기(자유한국당/金碩基),9771024
김석기(자유한국당/金碩基)?,9771024
김석기(새누리당/金碩基),9771024
김석기(새누리당/金碩基)?,9771024
이만희(자유한국당/李晩熙),9771028
이만희(자유한국당/李晩熙)?,9771028
이만희(새누리당/李晩熙),9771028
이만희(새누리당/李晩熙)?,9771028
박완수(자유한국당/朴完洙),9771030
박완수(자유한국당/朴完洙)?,9771030
박완수(미래통합당/朴完洙),9771030
박완수(새누리당/朴完洙),9771030
박완수(새누리당/朴完洙)?,9771030
윤한홍(자유한국당/尹漢洪),9771032
윤한홍(자유한국당/尹漢洪)?,9771032
윤한홍(새누리당/尹漢洪)?,9771032
윤한홍(새누리당/尹漢洪),9771032
오영훈(더불어민주당/吳怜勳),9771037
오영훈(더불어민주당/吳怜勳)?,9771037
위성곤(더불어민주당/魏聖坤),9771038
위성곤(더불어민주당/魏聖坤)?,9771038
임이자(자유한국당/林利子),9771041
임이자(자유한국당/林利子)?,9771041
임이자(새누리당/林利子),9771041
임이자(새누리당/林利子)?,9771041
송옥주(더불어민주당/宋玉珠),9771058
송옥주(더불어민주당/宋玉珠)?,9771058
이재정(더불어민주당/李在汀),9771060
이재정(더불어민주당/李在汀)?,9771060
정춘숙(더불어민주당/鄭春淑),9771068
정춘숙(더불어민주당/鄭春淑)?,9771068
김성환(더불어민주당/金星煥),9771089
김성환(더불어민주당/金星煥)?,9771089
김정호(더불어민주당/金禎鎬),9771090
김정호(더불어민주당/金禎鎬)?,9771090
맹성규(더불어민주당/孟聖奎),9771091
맹성규(더불어민주당/孟聖奎)?,9771091
서삼석(더불어민주당/徐參錫),9771092
서삼석(더불어민주당/徐參錫)?,9771092
송갑석(더불어민주당/宋甲錫),9771093
송갑석(더불어민주당/宋甲錫)?,9771093
송언석(자유한국당/宋彦錫),9771094
송언석(자유한국당/宋彦錫)?,9771094
이상헌(더불어민주당/李相憲),9771098
이상헌(더불어민주당/李相憲)?,9771098
정점식(자유한국당/鄭点植),9771103
정점식(자유한국당/鄭点植)?,9771103
이태규(바른미래당/李泰珪),9771280
이태규(바른미래당/李泰珪)?,9771280
이태규(국민의당/李泰珪),9771280
이태규(국민의당/李泰珪)?,9771280
채이배(민생당/蔡利培),9000173
김동철(민생당/金東喆),9000017
박선숙(민생당/朴仙淑),9000064
문진국(미래한국당/文鎭國),9000056
강석호(미래통합당/姜碩鎬),9000002
강효상(미래통합당/姜孝祥),9000004
김규환(미래한국당/金奎煥),9000015
김명연(미래통합당/金明淵),9000018
김석기(미래통합당/金碩基),9771024
김용태(미래통합당/金容兌),9000034
민경욱(미래통합당/閔庚旭),9000058
이철규(미래통합당/李喆圭),9771002
정갑윤(미래통합당/鄭甲潤),9000153
송석준(미래통합당/宋錫俊),9770996
송언석(미래통합당/宋彦錫),9771094
송희경(미래한국당/宋喜卿),9000081
윤종필(미래한국당/尹鍾畢),9000114
이양수(미래통합당/李亮壽),9771003
이종배(미래통합당/李鍾培),9770914
임이자(미래통합당/林利子),9771041
김승희(미래한국당/金承禧),9000031
원유철(미래한국당/元裕哲),9000100
장석춘(미래한국당/張錫春),9000149
이훈(더불어시민당/李薰),9000146
허윤정(더불어민주당/許允貞),9000195
신창현(더불어시민당/申昌賢),9000086
김광림(미래통합당/金光琳),9000013
김상훈(미래통합당/金相勳),9770725
박덕흠(미래통합당/朴德欽),9770768
정병국(미래통합당/鄭柄國),9000155
유성엽(민생당/柳成葉),9000104
박지원(민생당/朴智元),9000071
윤영일(민생당/尹英壹),9000111
이종걸(더불어시민당/李鍾杰),9000132
장병완(민생당/張秉浣),9000148
장정숙(민생당/張貞淑),9000150
정동영(민생당/鄭東泳),9000154
조배숙(민생당/趙培淑),9000166
황주홍(민생당/黃柱洪),9000192
민병두(무소속/閔丙두),9000059
신용현(민생당/申容賢),9000085
백승주(미래한국당/白承周),9000074
유의동(미래통합당/兪義東),9770912
김성원(미래통합당/金成願),9770985
경대수(미래통합당/慶大秀),9000005
김순례(미래한국당/金順禮),9000030
김종석(미래한국당/金鍾奭),9000040
윤상직(미래통합당/尹相直),9000109
이은권(미래통합당/李殷權),9000127
심기준(더불어시민당/沈基俊),9000087
제윤경(더불어시민당/諸閏景),9000165
김재경(미래통합당/金在庚),9000035
최연혜(미래통합당/崔然惠),9000179
박대출(미래통합당/朴大出),9770767
김성태(미래통합당/金成泰),9000194
염동열(미래한국당/廉東烈),9000096
이진복(미래통합당/李珍福),9000136
최교일(미래통합당/崔敎一),9000176
김무성(미래통합당/金武星),9000019
박명재(미래통합당/朴明在),9000063
송희경(미래통합당/宋喜卿),9000081
김승희(미래통합당/金承禧),9000031
박성중(미래통합당/朴成重),9770944
신보라(미래통합당/申普羅),9000083
윤종필(미래통합당/尹鍾畢),9000114
정은혜(더불어민주당/鄭恩惠),9000196
이현재(무소속/李賢在),9000143
정종섭(미래통합당/鄭宗燮),9000163
심재철(미래통합당/沈在哲),9000089
강석진(미래통합당/姜錫振),9000001
곽대훈(미래통합당/郭大勳),9000006
곽상도(미래통합당/郭尙道),9770956
권성동(미래통합당/權性東),9770679
김규환(미래통합당/金奎煥),9000015
김기선(미래통합당/金起善),9000016
김도읍(미래통합당/金度邑),9770719
김삼화(미래통합당/金三和),9000022
김선동(미래통합당/金善東),9000023
김성태(미래통합당/金聖泰),9000027
김수민(미래통합당/金秀玟),9000029
김순례(미래통합당/金順禮),9000030
김영우(미래통합당/金榮宇),9000032
김정훈(미래통합당/金正薰),9000038
김종석(미래통합당/金鍾奭),9000040
김중로(미래통합당/金中魯),9000045
김진태(미래통합당/金鎭台),9000046
김태흠(미래통합당/金泰欽),9770742
김학용(미래통합당/金學容),9000047
김한표(미래통합당/金漢杓),9000048
나경원(미래통합당/羅卿瑗),9000053
문진국(미래통합당/文鎭國),9000056
박맹우(미래통합당/朴孟雨),9000062
박순자(미래통합당/朴順子),9000065
백승주(미래통합당/白承周),9000074
신상진(미래통합당/申相珍),9000084
신용현(미래통합당/申容賢),9000085
안상수(미래통합당/安相洙),9000090
여상규(미래통합당/余尙奎),9000094
염동열(미래통합당/廉東烈),9000096
오신환(미래통합당/吳晨煥),9000098
원유철(미래통합당/元裕哲),9000100
유기준(미래통합당/兪奇濬),9000102
유민봉(미래통합당/庾敏鳳),9000103
유승민(미래통합당/劉承旼),9000105
유재중(미래통합당/柳在仲),9000108
윤상현(미래통합당/尹相現),9770598
윤영석(미래통합당/尹永碩),9770811
윤재옥(미래통합당/尹在玉),9770812
윤한홍(미래통합당/尹漢洪),9771032
이동섭(미래통합당/李銅燮),9000118
이만희(미래통합당/李晩熙),9771028
이명수(미래통합당/李明洙),9770602
이언주(미래통합당/李彦周),9000122
이은재(미래통합당/李恩宰),9000128
이장우(미래통합당/李莊雨),9000129
이종구(미래통합당/李鍾九),9000133
이주영(미래통합당/李柱榮),9000135
이찬열(미래통합당/李燦烈),9000137
이헌승(미래통합당/李憲昇),9770837
이혜훈(미래통합당/李惠薰),9000144
임재훈(미래통합당/林哉勳),9000147
장석춘(미래통합당/張錫春),9000149
장제원(미래통합당/張濟元),9770954
전희경(미래통합당/全希卿),9000152
정양석(미래통합당/鄭亮碩),9000157
정용기(미래통합당/鄭容起),9000158
정우택(미래통합당/鄭宇澤),9000159
정유섭(미래통합당/鄭有燮),9000160
정점식(미래통합당/鄭点植),9771103
정진석(미래통합당/鄭鎭碩),9771006
주광덕(미래통합당/朱光德),9000169
홍문표(미래통합당/洪文杓),9770886
홍철호(미래통합당/洪哲鎬),9000190
김광수(민생당/金光守),9000014
김종회(민생당/金鍾懷),9000043
박주선(민생당/朴柱宣),9000068
박주현(민생당/朴珠賢),9000069
주승용(민생당/朱昇鎔),9000170
천정배(민생당/千正培),9000174
최경환(민생당/崔敬煥),9000193
최도자(민생당/崔道子),9000177
이현재(미래통합당/李賢在),9000143
김삼화(무소속/金三和),9000022
신용현(무소속/申容賢),9000085
이태규(무소속/李泰珪),9771280
고용진(더불어민주당/고용진),9770931
이동섭(무소속/李銅燮),9000118
임재훈(무소속/林哉勳),9000147
정운천(새로운보수당/鄭雲天),9771012
유의동(새로운보수당/兪義東),9770912
유승민(새로운보수당/劉承旼),9000105
정운천(무소속/鄭雲天),9771012
하태경(무소속/河泰慶),9770858
오신환(무소속/吳晨煥),9000098
유의동(무소속/兪義東),9770912
이혜훈(무소속/李惠薰),9000144
정병국(무소속/鄭柄國),9000155
지상욱(무소속/池尙昱),9000171
한선교(무소속/韓善敎),9000185
심상정(정의당/沈相鄭),9770869
심상정(정의당/沈相정),9770869
심상정(정의당/沈相奵),9770869